fold,test_model,label,model_source,text
4,llama,1,llama,"The concept of success has been debated and explored by various individuals, with some arguing that it is solely the result of hard work and determination, while others claim that it is largely dependent on luck and external factors. In my opinion, achieving success requires a combination of both effort and opportunity, but with a greater emphasis on the former.

First and foremost, hard work and dedication are essential for success. Thomas Edison, the famous inventor, once said, ""Genius is 1% inspiration and 99% perspiration."" This quote highlights the importance of putting in the time and effort required to achieve one's goals. Without a strong work ethic, it is unlikely that an individual will be able to overcome the obstacles and challenges that inevitably arise on the path to success.

However, it is also important to acknowledge the role that luck and opportunity play in achieving success. Being in the right place at the right time, having access to the right resources and networks, and receiving guidance and support from others can all significantly impact an individual's ability to succeed. For example, a person who is born into a wealthy family may have greater access to educational and career opportunities, which can provide a significant advantage in terms of achieving success.

Despite the importance of luck and opportunity, I firmly believe that hard work and determination are the primary drivers of success. An individual who is passionate and driven can overcome even the most significant obstacles and create their own opportunities. For instance, J.K. Rowling, the author of the Harry Potter series, was a single mother living on welfare when she began writing her books. Her success was not solely the result of luck or opportunity, but rather her dedication and perseverance in the face of adversity.

Furthermore, research has shown that individuals who are motivated and driven to succeed are more likely to achieve their goals. A study by the Harvard Business Review found that employees who were motivated by a sense of purpose and meaning were more productive and successful than those who were motivated by external factors such as money or recognition. This suggests that having a strong work ethic and being driven by a sense of purpose are key components of achieving success.

In conclusion, achieving success requires a combination of hard work, dedication, and opportunity. While luck and external factors can certainly play a role, it is the individual's effort and perseverance that ultimately drive success. By adopting a strong work ethic, being driven by a sense of purpose, and creating their own opportunities, individuals can overcome obstacles and achieve their goals, regardless of their background or circumstances. As the famous entrepreneur, Steve Jobs, once said, ""Your time is limited, so don't waste it living someone else's life."" Ultimately, success is within reach for those who are willing to put in the effort and take control of their own destiny."
4,llama,1,llama,"The implementation of universal basic income (UBI) has been a topic of debate in recent years. As someone who is passionate about social welfare and economic equality, I strongly believe that UBI is a necessary step towards creating a more just and equitable society. 

One of the primary arguments against UBI is that it is too expensive and would be a burden on taxpayers. However, I would argue that the benefits of UBI far outweigh the costs. For one, UBI would provide a safety net for the most vulnerable members of society, ensuring that they have access to basic necessities like food and shelter. 

Additionally, UBI would give people the financial security to pursue their passions and interests, rather than just taking any job for the sake of a paycheck. This would lead to a more creative and innovative workforce, as people would be free to explore their talents and pursue careers that bring them fulfillment. 

Moreover, UBI would help to reduce poverty and income inequality, which are major social and economic problems in many countries. By providing a basic income guarantee, UBI would help to ensure that everyone has access to the resources they need to live a dignified life, regardless of their employment status. 

Some may argue that UBI would reduce the incentive for people to work, but I would counter that this is a misconception. Many people would still choose to work, as they would have the financial security to pursue careers that bring them fulfillment. 

In conclusion, UBI is a necessary step towards creating a more just and equitable society. It would provide a safety net for the most vulnerable members of society, promote creativity and innovation, and help to reduce poverty and income inequality. While there may be costs associated with implementing UBI, I firmly believe that the benefits would far outweigh the costs."
4,llama,1,llama,"Having a positive attitude is essential in today's fast-paced world. It not only affects how we perceive ourselves, but also how we interact with others. A positive attitude can boost our self-esteem, energy levels, and overall well-being. On the other hand, a negative attitude can lead to low self-esteem, anxiety, and depression. 

Many people believe that having a positive attitude is not that important, and that it is just a cliché. However, research has shown that a positive attitude can have a significant impact on our physical and mental health. For instance, studies have found that people with a positive attitude tend to have lower blood pressure, a healthier weight, and a stronger immune system. 

Moreover, a positive attitude can also affect our relationships with others. When we have a positive attitude, we are more likely to be approachable, friendly, and empathetic. This can lead to stronger, more meaningful relationships with our friends, family, and colleagues. 

In addition, having a positive attitude can also affect our career and academic success. When we have a positive attitude, we are more likely to be motivated, resilient, and open to new opportunities. This can lead to greater success and achievement in our personal and professional lives. 

Some may argue that having a positive attitude is not always realistic, especially in difficult situations. However, it is in these situations that a positive attitude is most important. When we face challenges, a positive attitude can help us to stay focused, calm, and determined. It can also help us to find solutions to problems and to learn from our mistakes. 

In conclusion, having a positive attitude is crucial in today's world. It can have a significant impact on our physical and mental health, our relationships, and our career and academic success. While it may not always be easy to maintain a positive attitude, it is essential to make a conscious effort to do so. By doing so, we can live a happier, healthier, and more fulfilling life."
4,llama,1,llama,"Having a positive attitude is crucial in today's fast-paced world. It not only affects our mental and physical health but also influences our relationships, productivity, and overall well-being. A positive attitude can help us navigate life's challenges with ease, while a negative attitude can lead to a downward spiral of unhappiness and discontent.

First and foremost, a positive attitude has a profound impact on our mental health. When we approach life with a optimistic outlook, we are more resilient to stress and anxiety. We are better equipped to handle adversity and bounce back from setbacks. On the other hand, a negative attitude can lead to depression, anxiety disorders, and other mental health issues. This is because a negative mindset can create a self-fulfilling prophecy, where we expect bad things to happen and thus, they do.

Furthermore, a positive attitude is essential for building strong relationships. When we approach others with a positive and friendly demeanor, we are more likely to form meaningful connections and foster lasting relationships. People are drawn to those with a positive attitude, as it creates a warm and welcoming environment. In contrast, a negative attitude can push people away, leading to social isolation and loneliness.

Additionally, a positive attitude is vital for our physical health. Studies have shown that people with a positive outlook tend to have lower blood pressure, a healthier weight, and a stronger immune system. This is because a positive attitude can help reduce stress, which is a major contributor to many chronic diseases. Moreover, a positive attitude can motivate us to engage in healthy behaviors, such as regular exercise and a balanced diet.

In the workplace, a positive attitude is essential for productivity and success. When we approach our work with a positive mindset, we are more motivated, focused, and efficient. We are better able to handle challenges and adapt to changing circumstances. A positive attitude can also lead to greater job satisfaction, which is critical for our overall well-being. On the other hand, a negative attitude can lead to burnout, absenteeism, and turnover.

Finally, having a positive attitude is a choice. It requires effort and practice, but the benefits are well worth it. By adopting a positive mindset, we can transform our lives and create a more fulfilling and meaningful existence. We can develop a growth mindset, focus on the good things in life, and cultivate gratitude. By doing so, we can create a ripple effect of positivity that can impact those around us and create a better world.

In conclusion, having a positive attitude is essential for our mental and physical health, relationships, productivity, and overall well-being. It is a choice that requires effort and practice, but the benefits are numerous and well worth it. By adopting a positive mindset, we can transform our lives, create meaningful connections, and achieve our goals. So, let us choose to approach life with a positive attitude, and create a brighter, more fulfilling future for ourselves and those around us."
